{"cameraMode":{"drawMode":0,"name":"Shaded","section":"Shading Mode"},"sceneLighting":true,"audioPlay":false,"sceneViewState":{"showFog":true,"showMaterialUpdate":false,"showSkybox":true,"showFlares":true,"showImageEffects":true,"showParticleSystems":true},"in2DMode":false,"pivot":{"x":-15.59000015258789,"y":0.11055994033813477,"z":0.0},"rotation":{"x":-0.060264721512794498,"y":0.017065564170479776,"z":-0.0010306286858394743,"w":-0.9980360269546509},"size":31.329627990722658,"orthographic":false}