{"cameraMode":{"drawMode":0,"name":"Shaded","section":"Shading Mode"},"sceneLighting":true,"audioPlay":false,"sceneViewState":{"showFog":true,"showMaterialUpdate":false,"showSkybox":true,"showFlares":true,"showImageEffects":true,"showParticleSystems":true},"in2DMode":false,"pivot":{"x":0.0,"y":-14.899999618530274,"z":-2.0399999618530275},"rotation":{"x":0.1201234757900238,"y":-0.6845297813415527,"z":-0.11587732285261154,"w":-0.7096208930015564},"size":62.978492736816409,"orthographic":false}