{"cameraMode":{"drawMode":0,"name":"Shaded","section":"Shading Mode"},"sceneLighting":false,"audioPlay":false,"sceneViewState":{"showFog":true,"showMaterialUpdate":false,"showSkybox":false,"showFlares":true,"showImageEffects":true,"showParticleSystems":true},"in2DMode":false,"pivot":{"x":0.07925667613744736,"y":0.023462241515517236,"z":-2.427837371826172},"rotation":{"x":-0.32839667797088625,"y":0.38715142011642458,"z":-0.14985473453998567,"w":-0.8484179377555847},"size":15.124076843261719,"orthographic":false}