{"cameraMode":{"drawMode":0,"name":"Shaded","section":"Shading Mode"},"sceneLighting":false,"audioPlay":false,"sceneViewState":{"showFog":true,"showMaterialUpdate":false,"showSkybox":false,"showFlares":true,"showImageEffects":true,"showParticleSystems":true},"in2DMode":false,"pivot":{"x":1.6232938766479493,"y":-1.171518325805664,"z":8.931636810302735},"rotation":{"x":-0.11702901124954224,"y":-0.014302801340818406,"z":0.001685572206042707,"w":-0.9930241107940674},"size":42.1335334777832,"orthographic":false}