{"cameraMode":{"drawMode":0,"name":"Shaded","section":"Shading Mode"},"sceneLighting":true,"audioPlay":false,"sceneViewState":{"showFog":true,"showMaterialUpdate":false,"showSkybox":true,"showFlares":true,"showImageEffects":true,"showParticleSystems":true},"in2DMode":false,"pivot":{"x":-0.2510247230529785,"y":-7.5918707847595219,"z":33.978981018066409},"rotation":{"x":-0.11702901124954224,"y":-0.014302801340818406,"z":0.001685572206042707,"w":-0.9930241107940674},"size":71.31654357910156,"orthographic":false}