{"cameraMode":{"drawMode":0,"name":"Shaded","section":"Shading Mode"},"sceneLighting":true,"audioPlay":false,"sceneViewState":{"showFog":true,"showMaterialUpdate":false,"showSkybox":true,"showFlares":true,"showImageEffects":true,"showParticleSystems":true},"in2DMode":false,"pivot":{"x":300.0613708496094,"y":179.1728057861328,"z":6.91353178024292},"rotation":{"x":-0.026039641350507737,"y":-0.427482545375824,"z":0.01231862511485815,"w":-0.9035646319389343},"size":1065.39892578125,"orthographic":false}