{"cameraMode":{"drawMode":0,"name":"Shaded","section":"Shading Mode"},"sceneLighting":true,"audioPlay":false,"sceneViewState":{"showFog":true,"showMaterialUpdate":false,"showSkybox":true,"showFlares":true,"showImageEffects":true,"showParticleSystems":true},"in2DMode":false,"pivot":{"x":-17.630970001220704,"y":-0.32457756996154787,"z":1.0073423385620118},"rotation":{"x":-0.11702901124954224,"y":-0.014302801340818406,"z":0.001685572206042707,"w":-0.9930241107940674},"size":23.734769821166993,"orthographic":false}